1431668820.483751,STARTTEST,None,None,39,10
1431668820.483758,send,h8,startGen,69,10
1431668820.486874,send,h9,startGen,69,10
1431668820.504077,send,h2,startGen,69,10
1431668820.506726,send,h3,startGen,69,10
1431668820.509201,send,h1,startGen,69,10
1431668820.51162,send,h6,startGen,69,10
1431668820.566688,send,h7,startGen,69,10
1431668820.569181,send,h4,startGen,69,10
1431668820.572311,send,h5,startGen,69,10
1431668820.586342,send,h10,startGen,70,10
1431668823.572278,send,h8,getCounts,70,10
1431668823.584426,send,h9,getCounts,70,10
1431668823.586307,send,h2,getCounts,70,10
1431668823.603935,send,h3,getCounts,70,10
1431668823.638067,send,h1,getCounts,70,10
1431668823.639852,send,h6,getCounts,70,10
1431668823.6417,send,h7,getCounts,70,10
1431668823.644292,send,h4,getCounts,70,10
1431668823.752211,send,h5,getCounts,70,10
1431668823.937926,send,h10,getCounts,71,10
1431668823.938979,recv,h8,getCountsResponse,836,10
1431668824.092531,recv,h6,getCountsResponse,836,10
1431668824.106383,recv,h2,getCountsResponse,836,10
1431668824.114458,recv,h4,getCountsResponse,836,10
1431668824.132538,recv,h7,getCountsResponse,836,10
1431668824.190378,recv,h9,getCountsResponse,836,10
1431668824.392534,recv,h1,getCountsResponse,836,10
1431668824.406481,recv,h5,getCountsResponse,836,10
1431668824.412744,recv,h10,getCountsResponse,837,10
1431668824.584321,recv,h3,getCountsResponse,836,10
1431668825.069951,send,h8,setTopK,876,10
1431668825.072723,send,h9,setTopK,876,10
1431668825.074777,send,h2,setTopK,876,10
1431668825.07677,send,h3,setTopK,876,10
1431668825.078682,send,h1,setTopK,876,10
1431668825.080626,send,h6,setTopK,876,10
1431668825.082573,send,h7,setTopK,876,10
1431668825.085595,send,h4,setTopK,876,10
1431668825.087506,send,h5,setTopK,876,10
1431668825.152305,send,h10,setTopK,877,10
1431669029.692529,recv,h1,handleViolations,639,10
1431669029.692905,send,h8,getSomeCounts,167,10
1431669029.695661,send,h9,getSomeCounts,167,10
1431669029.69795,send,h2,getSomeCounts,167,10
1431669029.700226,send,h3,getSomeCounts,167,10
1431669029.702615,send,h6,getSomeCounts,167,10
1431669029.734118,send,h7,getSomeCounts,167,10
1431669029.735666,send,h4,getSomeCounts,167,10
1431669029.739372,send,h5,getSomeCounts,167,10
1431669029.7408,send,h10,getSomeCounts,168,10
1431669029.938133,recv,h7,getCountsResponse,465,10
1431669030.004538,recv,h10,getCountsResponse,479,10
1431669030.084471,recv,h4,getCountsResponse,465,10
1431669030.106094,recv,h8,getCountsResponse,465,10
1431669030.112734,recv,h3,getCountsResponse,479,10
1431669030.1245,recv,h9,getCountsResponse,479,10
1431669030.124939,recv,h6,getCountsResponse,465,10
1431669030.172754,recv,h5,getCountsResponse,465,10
1431669030.174018,recv,h2,getCountsResponse,479,10
1431669030.292312,send,h8,setTopK,896,10
1431669030.294358,send,h9,setTopK,910,10
1431669030.296132,send,h2,setTopK,910,10
1431669030.297821,send,h3,setTopK,910,10
1431669030.299585,send,h1,setTopK,909,10
1431669030.412639,send,h6,setTopK,896,10
1431669030.414565,send,h7,setTopK,896,10
1431669030.416295,send,h4,setTopK,896,10
1431669030.417978,send,h5,setTopK,896,10
1431669030.419708,send,h10,setTopK,910,10
1431669034.394226,recv,h7,handleViolations,756,10
1431669034.394666,send,h8,getSomeCounts,167,10
1431669034.397001,send,h9,getSomeCounts,167,10
1431669034.3986,send,h2,getSomeCounts,167,10
1431669034.400197,send,h3,getSomeCounts,167,10
1431669034.401793,send,h1,getSomeCounts,167,10
1431669034.403374,send,h6,getSomeCounts,167,10
1431669034.40617,send,h4,getSomeCounts,167,10
1431669034.407881,send,h5,getSomeCounts,167,10
1431669034.490054,recv,h4,handleViolations,600,10
1431669034.490214,send,h10,getSomeCounts,168,10
1431669034.525622,recv,h4,getCountsResponse,596,10
1431669034.62503,recv,h8,handleViolations,586,10
1431669034.724434,recv,h8,getCountsResponse,595,10
1431669034.819777,recv,h6,getCountsResponse,596,10
1431669034.852687,recv,h1,getCountsResponse,595,10
1431669034.932786,recv,h3,getCountsResponse,596,10
1431669035.014086,recv,h5,getCountsResponse,596,10
1431669035.042122,recv,h2,getCountsResponse,596,10
1431669035.072994,recv,h10,getCountsResponse,569,10
1431669035.132821,recv,h5,handleViolations,600,10
1431669035.146256,recv,h2,handleViolations,600,10
1431669035.164429,recv,h9,getCountsResponse,581,10
1431669035.186161,recv,h3,handleViolations,600,10
1431669035.286187,recv,h6,handleViolations,586,10
1431669035.544216,send,h8,setTopK,896,10
1431669035.546316,send,h9,setTopK,1012,10
1431669035.548006,send,h2,setTopK,910,10
1431669035.54962,send,h3,setTopK,910,10
1431669035.55123,send,h1,setTopK,1026,10
1431669035.706158,send,h6,setTopK,896,10
1431669035.772504,send,h7,setTopK,1026,10
1431669035.775821,send,h4,setTopK,910,10
1431669035.777666,send,h5,setTopK,910,10
1431669035.852609,send,h10,setTopK,1000,10
1431669038.666115,recv,h1,handleViolations,756,10
1431669038.666454,send,h8,getSomeCounts,167,10
1431669038.668427,send,h9,getSomeCounts,167,10
1431669038.670071,send,h2,getSomeCounts,167,10
1431669038.672437,send,h3,getSomeCounts,167,10
1431669038.692407,send,h6,getSomeCounts,167,10
1431669038.697178,send,h7,getSomeCounts,167,10
1431669038.699522,send,h4,getSomeCounts,167,10
1431669038.701624,send,h5,getSomeCounts,167,10
1431669038.704385,send,h10,getSomeCounts,168,10
1431669038.952494,recv,h6,getCountsResponse,596,10
1431669038.953067,recv,h3,getCountsResponse,596,10
1431669038.990103,recv,h5,getCountsResponse,596,10
1431669039.184379,recv,h8,getCountsResponse,596,10
1431669039.275237,recv,h10,getCountsResponse,595,10
1431669039.306643,recv,h4,getCountsResponse,596,10
1431669039.374059,recv,h9,getCountsResponse,595,10
1431669039.429519,recv,h7,getCountsResponse,596,10
1431669039.474068,recv,h2,getCountsResponse,596,10
1431669039.912675,send,h8,setTopK,1027,10
1431669039.915601,send,h9,setTopK,1026,10
1431669039.917569,send,h2,setTopK,1027,10
1431669039.919518,send,h3,setTopK,1027,10
1431669039.921603,send,h1,setTopK,1026,10
1431669039.923522,send,h6,setTopK,1027,10
1431669040.004517,send,h7,setTopK,1027,10
1431669040.014295,send,h4,setTopK,1027,10
1431669040.016103,send,h5,setTopK,1027,10
1431669040.026144,send,h10,setTopK,1026,10
1431669043.930134,recv,h1,handleViolations,756,10
1431669043.93048,send,h8,getSomeCounts,167,10
1431669043.932396,send,h9,getSomeCounts,167,10
1431669043.934076,send,h2,getSomeCounts,167,10
1431669043.93566,send,h3,getSomeCounts,167,10
1431669043.93725,send,h6,getSomeCounts,167,10
1431669043.938832,send,h7,getSomeCounts,167,10
1431669043.940422,send,h4,getSomeCounts,167,10
1431669043.942073,send,h5,getSomeCounts,167,10
1431669043.943808,send,h10,getSomeCounts,168,10
1431669044.039066,recv,h2,handleViolations,703,10
1431669044.052724,recv,h6,getCountsResponse,596,10
1431669044.07237,recv,h10,getCountsResponse,595,10
1431669044.126134,recv,h4,getCountsResponse,596,10
1431669044.172645,recv,h9,getCountsResponse,595,10
1431669044.17309,recv,h5,getCountsResponse,595,10
1431669044.264545,recv,h7,getCountsResponse,595,10
1431669044.312524,recv,h8,getCountsResponse,596,10
1431669044.465996,recv,h2,getCountsResponse,590,10
1431669044.512406,recv,h3,getCountsResponse,595,10
1431669045.032687,send,h8,setTopK,1027,10
1431669045.03521,send,h9,setTopK,1026,10
1431669045.037029,send,h2,setTopK,1013,10
1431669045.03876,send,h3,setTopK,1026,10
1431669045.041279,send,h1,setTopK,1026,10
1431669045.052583,send,h6,setTopK,1027,10
1431669045.055775,send,h7,setTopK,1026,10
1431669045.057738,send,h4,setTopK,1027,10
1431669045.059643,send,h5,setTopK,1026,10
1431669045.061511,send,h10,setTopK,1026,10
1431669048.604958,recv,h6,handleViolations,751,10
1431669048.605032,send,h8,getSomeCounts,167,10
1431669048.607882,send,h9,getSomeCounts,167,10
1431669048.609521,send,h2,getSomeCounts,167,10
1431669048.611462,send,h3,getSomeCounts,167,10
1431669048.632509,send,h1,getSomeCounts,167,10
1431669048.634374,send,h7,getSomeCounts,167,10
1431669048.636052,send,h4,getSomeCounts,167,10
1431669048.637526,send,h5,getSomeCounts,167,10
1431669048.639149,send,h10,getSomeCounts,168,10
1431669048.904449,recv,h7,getCountsResponse,590,10
1431669048.92617,recv,h5,getCountsResponse,602,10
1431669048.932642,recv,h4,getCountsResponse,604,10
1431669048.944586,recv,h1,getCountsResponse,603,10
1431669049.030869,recv,h8,getCountsResponse,590,10
1431669049.07264,recv,h8,handleViolations,703,10
1431669049.264418,recv,h10,getCountsResponse,604,10
1431669049.352527,recv,h2,getCountsResponse,604,10
1431669049.372424,recv,h3,getCountsResponse,602,10
1431669049.385878,recv,h7,handleViolations,702,10
1431669049.409014,recv,h9,handleViolations,716,10
1431669050.004473,recv,h9,getCountsResponse,603,10
1431669050.026099,recv,h10,handleViolations,716,10
1431669050.589985,send,h8,setTopK,1021,10
1431669050.592187,send,h9,setTopK,1034,10
1431669050.59394,send,h2,setTopK,1035,10
1431669050.595729,send,h3,setTopK,1033,10
1431669050.597488,send,h1,setTopK,1034,10
1431669050.599282,send,h6,setTopK,1021,10
1431669050.601112,send,h7,setTopK,1012,10
1431669050.602867,send,h4,setTopK,1035,10
1431669050.604478,send,h5,setTopK,1033,10
1431669050.644506,send,h10,setTopK,1026,10
1431669052.90608,recv,h2,handleViolations,765,10
1431669052.906414,send,h8,getSomeCounts,167,10
1431669053.012435,send,h9,getSomeCounts,167,10
1431669053.024145,send,h3,getSomeCounts,167,10
1431669053.125855,send,h1,getSomeCounts,167,10
1431669053.193158,recv,h8,getCountsResponse,590,10
1431669053.193498,send,h6,getSomeCounts,167,10
1431669053.196083,send,h7,getSomeCounts,167,10
1431669053.198048,send,h4,getSomeCounts,167,10
1431669053.199689,send,h5,getSomeCounts,167,10
1431669053.201335,send,h10,getSomeCounts,168,10
1431669053.312371,recv,h9,getCountsResponse,603,10
1431669053.350167,recv,h3,getCountsResponse,602,10
1431669053.384587,recv,h6,getCountsResponse,590,10
1431669053.386123,recv,h4,getCountsResponse,604,10
1431669053.402945,recv,h5,getCountsResponse,603,10
1431669053.406731,recv,h1,getCountsResponse,604,10
1431669053.426212,recv,h10,getCountsResponse,590,10
1431669053.452635,recv,h7,getCountsResponse,605,10
1431669053.706091,send,h8,setTopK,1035,10
1431669053.708736,send,h9,setTopK,1003,10
1431669053.710679,send,h2,setTopK,1035,10
1431669053.730168,send,h3,setTopK,1017,10
1431669053.732444,send,h1,setTopK,1018,10
1431669053.734238,send,h6,setTopK,1035,10
1431669053.884587,send,h7,setTopK,1018,10
1431669053.88671,send,h4,setTopK,1017,10
1431669053.888648,send,h5,setTopK,1004,10
1431669053.890447,send,h10,setTopK,1004,10
1431669056.972704,recv,h7,handleViolations,748,10
1431669056.9746,send,h8,getSomeCounts,167,10
1431669056.992354,send,h9,getSomeCounts,167,10
1431669056.994095,send,h2,getSomeCounts,167,10
1431669056.995805,send,h3,getSomeCounts,167,10
1431669056.997278,send,h1,getSomeCounts,167,10
1431669057.005758,send,h6,getSomeCounts,167,10
1431669057.013903,send,h4,getSomeCounts,167,10
1431669057.015551,send,h5,getSomeCounts,167,10
1431669057.017331,send,h10,getSomeCounts,168,10
1431669057.030089,recv,h8,getCountsResponse,585,10
1431669057.064588,recv,h5,getCountsResponse,573,10
1431669057.075027,recv,h4,getCountsResponse,586,10
1431669057.293512,recv,h10,getCountsResponse,573,10
1431669057.386024,recv,h9,getCountsResponse,572,10
1431669057.444524,recv,h2,getCountsResponse,586,10
1431669057.544911,recv,h6,getCountsResponse,585,10
1431669057.644536,recv,h1,getCountsResponse,587,10
1431669057.744589,recv,h2,handleViolations,725,10
1431669057.79253,recv,h6,handleViolations,725,10
1431669057.884513,recv,h3,getCountsResponse,586,10
1431669057.924569,recv,h8,handleViolations,725,10
1431669058.192375,send,h8,setTopK,1035,10
1431669058.19472,send,h9,setTopK,1003,10
1431669058.196699,send,h2,setTopK,1035,10
1431669058.198694,send,h3,setTopK,1017,10
1431669058.200643,send,h1,setTopK,1018,10
1431669058.202558,send,h6,setTopK,1035,10
1431669058.204447,send,h7,setTopK,1018,10
1431669058.214349,send,h4,setTopK,1017,10
1431669058.226198,send,h5,setTopK,1004,10
1431669058.228211,send,h10,setTopK,1004,10
1431669061.324614,recv,h5,handleViolations,757,10
1431669061.32497,send,h8,getSomeCounts,167,10
1431669061.326804,send,h9,getSomeCounts,167,10
1431669061.32854,send,h2,getSomeCounts,167,10
1431669061.330875,send,h3,getSomeCounts,167,10
1431669061.333983,send,h1,getSomeCounts,167,10
1431669061.335499,send,h6,getSomeCounts,167,10
1431669061.464552,send,h7,getSomeCounts,167,10
1431669061.466943,send,h4,getSomeCounts,167,10
1431669061.468465,send,h10,getSomeCounts,168,10
1431669061.504617,recv,h9,getCountsResponse,595,10
1431669061.519979,recv,h8,getCountsResponse,596,10
1431669061.52142,recv,h2,getCountsResponse,595,10
1431669061.534233,recv,h3,getCountsResponse,596,10
1431669061.612492,recv,h1,getCountsResponse,596,10
1431669061.622169,recv,h10,getCountsResponse,594,10
1431669061.692301,recv,h4,getCountsResponse,595,10
1431669061.734703,recv,h6,getCountsResponse,596,10
1431669061.772578,recv,h7,getCountsResponse,596,10
1431669061.985964,send,h8,setTopK,1027,10
1431669061.98865,send,h9,setTopK,1026,10
1431669061.990634,send,h2,setTopK,1026,10
1431669062.152446,send,h3,setTopK,1027,10
1431669062.326345,send,h1,setTopK,1027,10
1431669062.328518,send,h6,setTopK,1027,10
1431669062.330488,send,h7,setTopK,1027,10
1431669062.332512,send,h4,setTopK,1026,10
1431669062.466095,send,h5,setTopK,1027,10
1431669062.468135,send,h10,setTopK,1025,10
1431669066.012639,recv,h2,handleViolations,754,10
1431669066.012995,send,h8,getSomeCounts,167,10
1431669066.026079,send,h9,getSomeCounts,167,10
1431669066.02775,send,h3,getSomeCounts,167,10
1431669066.029437,send,h1,getSomeCounts,167,10
1431669066.031088,send,h6,getSomeCounts,167,10
1431669066.033058,send,h7,getSomeCounts,167,10
1431669066.094163,send,h4,getSomeCounts,167,10
1431669066.095972,send,h5,getSomeCounts,167,10
1431669066.09768,send,h10,getSomeCounts,168,10
1431669066.139373,recv,h1,getCountsResponse,594,10
1431669066.212634,recv,h9,getCountsResponse,594,10
1431669066.264502,recv,h7,getCountsResponse,594,10
1431669066.286153,recv,h3,getCountsResponse,580,10
1431669066.292552,recv,h8,getCountsResponse,593,10
1431669066.304634,recv,h5,getCountsResponse,594,10
1431669066.4046,recv,h10,getCountsResponse,594,10
1431669066.48442,recv,h6,getCountsResponse,594,10
1431669066.494088,recv,h4,getCountsResponse,594,10
1431669066.496431,recv,h3,handleViolations,703,10
1431669066.695352,send,h8,setTopK,1025,10
1431669066.698059,send,h9,setTopK,1025,10
1431669066.700348,send,h2,setTopK,1025,10
1431669066.70255,send,h3,setTopK,1014,10
1431669066.704389,send,h1,setTopK,1026,10
1431669066.711815,send,h6,setTopK,1026,10
1431669066.713463,send,h7,setTopK,1026,10
1431669066.864637,send,h4,setTopK,1026,10
1431669066.866638,send,h5,setTopK,1026,10
1431669066.868396,send,h10,setTopK,1026,10
1431669069.304574,recv,h2,handleViolations,756,10
1431669069.304996,send,h8,getSomeCounts,167,10
1431669069.307106,send,h9,getSomeCounts,167,10
1431669069.308796,send,h3,getSomeCounts,167,10
1431669069.310415,send,h1,getSomeCounts,167,10
1431669069.434009,send,h6,getSomeCounts,167,10
1431669069.43595,send,h7,getSomeCounts,167,10
1431669069.437629,send,h4,getSomeCounts,167,10
1431669069.439243,send,h5,getSomeCounts,167,10
1431669069.4409,send,h10,getSomeCounts,168,10
1431669069.484624,recv,h3,getCountsResponse,594,10
1431669069.50465,recv,h8,getCountsResponse,582,10
1431669069.505236,recv,h1,getCountsResponse,581,10
1431669069.506079,recv,h9,getCountsResponse,596,10
1431669069.526691,recv,h6,handleViolations,702,10
1431669069.584559,recv,h6,getCountsResponse,582,10
1431669069.615131,recv,h10,getCountsResponse,596,10
1431669069.686095,recv,h7,getCountsResponse,595,10
1431669069.772482,recv,h4,getCountsResponse,595,10
1431669069.8046,recv,h5,getCountsResponse,595,10
1431669069.992487,send,h8,setTopK,1028,10
1431669069.994716,send,h9,setTopK,1014,10
1431669069.996262,send,h2,setTopK,1012,10
1431669069.997787,send,h3,setTopK,1012,10
1431669069.999285,send,h1,setTopK,1027,10
1431669070.000781,send,h6,setTopK,1028,10
1431669070.002709,send,h7,setTopK,1027,10
1431669070.092188,send,h4,setTopK,1027,10
1431669070.09452,send,h5,setTopK,1027,10
1431669070.09636,send,h10,setTopK,1028,10
1431669072.952541,recv,h1,handleViolations,757,10
1431669072.952882,send,h8,getSomeCounts,167,10
1431669072.954917,send,h9,getSomeCounts,167,10
1431669072.956685,send,h2,getSomeCounts,167,10
1431669072.958351,send,h3,getSomeCounts,167,10
1431669072.959997,send,h6,getSomeCounts,167,10
1431669072.96133,send,h7,getSomeCounts,167,10
1431669072.962746,send,h4,getSomeCounts,167,10
1431669073.145026,send,h5,getSomeCounts,167,10
1431669073.146571,send,h10,getSomeCounts,168,10
1431669073.204602,recv,h7,getCountsResponse,595,10
1431669073.226066,recv,h6,getCountsResponse,596,10
1431669073.226599,recv,h2,getCountsResponse,580,10
1431669073.244705,recv,h3,getCountsResponse,580,10
1431669073.300583,recv,h4,getCountsResponse,595,10
1431669073.372111,recv,h8,getCountsResponse,596,10
1431669073.544834,recv,h9,getCountsResponse,582,10
1431669073.633988,recv,h10,getCountsResponse,596,10
1431669073.692549,recv,h5,getCountsResponse,595,10
1431669074.292623,send,h8,setTopK,1013,10
1431669074.29483,send,h9,setTopK,1028,10
1431669074.296798,send,h2,setTopK,1028,10
1431669074.453996,send,h3,setTopK,1028,10
1431669074.454913,recv,h3,handleViolations,702,10
1431669074.456562,send,h1,setTopK,1028,10
1431669074.458296,send,h6,setTopK,1028,10
1431669074.459936,send,h7,setTopK,1028,10
1431669074.461611,send,h4,setTopK,1028,10
1431669074.464123,send,h5,setTopK,1026,10
1431669074.484647,send,h10,setTopK,1014,10
1431669074.614196,recv,h2,handleViolations,716,10
1431669076.144952,recv,h1,handleViolations,758,10
1431669076.145291,send,h8,getSomeCounts,167,10
1431669076.147342,send,h9,getSomeCounts,167,10
1431669076.148961,send,h2,getSomeCounts,167,10
1431669076.150548,send,h3,getSomeCounts,167,10
1431669076.152335,send,h6,getSomeCounts,167,10
1431669076.300338,send,h7,getSomeCounts,167,10
1431669076.344529,send,h4,getSomeCounts,167,10
1431669076.345869,send,h5,getSomeCounts,167,10
1431669076.347312,recv,h3,getCountsResponse,596,10
1431669076.347783,send,h10,getSomeCounts,168,10
1431669076.418101,recv,h6,getCountsResponse,582,10
1431669076.484429,recv,h2,getCountsResponse,596,10
1431669076.610162,recv,h9,getCountsResponse,596,10
1431669076.644452,recv,h8,getCountsResponse,581,10
1431669076.666149,recv,h5,getCountsResponse,594,10
1431669076.752611,recv,h7,getCountsResponse,596,10
1431669076.774157,recv,h4,getCountsResponse,596,10
1431669076.774657,recv,h10,getCountsResponse,582,10
1431669076.904492,send,h8,setTopK,1013,10
1431669076.906786,send,h9,setTopK,1028,10
1431669076.908497,send,h2,setTopK,1028,10
1431669076.952751,send,h3,setTopK,1028,10
1431669076.954638,send,h1,setTopK,1028,10
1431669076.956439,send,h6,setTopK,1028,10
1431669076.957984,send,h7,setTopK,1028,10
1431669076.95967,send,h4,setTopK,1028,10
1431669076.96124,send,h5,setTopK,1026,10
1431669076.962841,send,h10,setTopK,1014,10
1431669078.894148,recv,h2,handleViolations,758,10
1431669078.894488,send,h8,getSomeCounts,167,10
1431669078.896562,send,h9,getSomeCounts,167,10
1431669078.898229,send,h3,getSomeCounts,167,10
1431669078.899963,send,h1,getSomeCounts,167,10
1431669078.901656,send,h6,getSomeCounts,167,10
1431669078.90305,send,h7,getSomeCounts,167,10
1431669078.905107,send,h4,getSomeCounts,167,10
1431669078.973984,send,h5,getSomeCounts,167,10
1431669079.015687,send,h10,getSomeCounts,168,10
1431669079.018225,recv,h6,getCountsResponse,596,10
1431669079.054105,recv,h3,getCountsResponse,596,10
1431669079.134808,recv,h7,getCountsResponse,595,10
1431669079.166132,recv,h5,getCountsResponse,594,10
1431669079.224582,recv,h8,getCountsResponse,594,10
1431669079.324544,recv,h10,getCountsResponse,595,10
1431669079.330085,recv,h9,getCountsResponse,580,10
1431669079.472653,recv,h1,getCountsResponse,595,10
1431669079.612546,recv,h4,getCountsResponse,590,10
1431669079.613159,send,h8,setTopK,1026,10
1431669079.618132,send,h9,setTopK,1025,10
1431669079.61972,send,h2,setTopK,1027,10
1431669079.665371,send,h3,setTopK,1027,10
1431669079.667194,send,h1,setTopK,1027,10
1431669079.668831,send,h6,setTopK,1027,10
1431669079.706199,send,h7,setTopK,1026,10
1431669079.784505,send,h4,setTopK,1027,10
1431669079.785263,recv,h8,handleViolations,717,10
1431669079.787169,send,h5,setTopK,1027,10
1431669079.788879,send,h10,setTopK,1027,10
1431669083.052629,recv,h1,handleViolations,757,10
1431669083.052966,send,h8,getSomeCounts,167,10
1431669083.054903,send,h9,getSomeCounts,167,10
1431669083.056542,send,h2,getSomeCounts,167,10
1431669083.058332,send,h3,getSomeCounts,167,10
1431669083.05999,send,h6,getSomeCounts,167,10
1431669083.061644,send,h7,getSomeCounts,167,10
1431669083.063312,send,h4,getSomeCounts,167,10
1431669083.078485,send,h5,getSomeCounts,167,10
1431669083.080147,send,h10,getSomeCounts,168,10
1431669083.174137,recv,h2,getCountsResponse,595,10
1431669083.234961,recv,h8,getCountsResponse,594,10
1431669083.264158,recv,h7,getCountsResponse,594,10
1431669083.372675,recv,h5,getCountsResponse,595,10
1431669083.526424,recv,h3,getCountsResponse,595,10
1431669083.60453,recv,h10,getCountsResponse,595,10
1431669083.610108,recv,h4,getCountsResponse,595,10
1431669083.613567,recv,h9,getCountsResponse,593,10
1431669083.674121,recv,h6,getCountsResponse,595,10
1431669084.134026,send,h8,setTopK,1026,10
1431669084.137037,send,h9,setTopK,1025,10
1431669084.139123,send,h2,setTopK,1027,10
1431669084.140927,send,h3,setTopK,1027,10
1431669084.142569,send,h1,setTopK,1027,10
1431669084.232653,send,h6,setTopK,1026,10
1431669084.234519,send,h7,setTopK,1013,10
1431669084.236261,send,h4,setTopK,1027,10
1431669084.335588,send,h5,setTopK,1026,10
1431669084.339041,send,h10,setTopK,1027,10
1431669087.50625,recv,h1,handleViolations,743,10
1431669087.506771,send,h8,getSomeCounts,167,10
1431669087.566219,recv,h2,handleViolations,717,10
1431669087.566645,send,h9,getSomeCounts,167,10
1431669087.56859,send,h2,getSomeCounts,167,10
1431669087.570052,send,h3,getSomeCounts,167,10
1431669087.572577,send,h6,getSomeCounts,167,10
1431669087.574156,send,h7,getSomeCounts,167,10
1431669087.618063,send,h4,getSomeCounts,167,10
1431669087.620426,send,h5,getSomeCounts,167,10
1431669087.632501,send,h10,getSomeCounts,168,10
1431669087.654225,recv,h9,getCountsResponse,594,10
1431669087.672682,recv,h6,getCountsResponse,594,10
1431669087.679543,recv,h3,handleViolations,717,10
1431669087.712415,recv,h8,getCountsResponse,595,10
1431669087.778071,recv,h2,getCountsResponse,595,10
1431669087.821426,recv,h10,getCountsResponse,595,10
1431669087.87266,recv,h3,getCountsResponse,595,10
1431669087.984502,recv,h4,getCountsResponse,595,10
1431669088.044116,recv,h5,getCountsResponse,594,10
1431669088.08437,recv,h7,getCountsResponse,581,10
1431669088.193996,send,h8,setTopK,1027,10
1431669088.196553,send,h9,setTopK,1026,10
1431669088.198529,send,h2,setTopK,1027,10
1431669088.200396,send,h3,setTopK,1027,10
1431669088.202046,send,h1,setTopK,1013,10
1431669088.204257,send,h6,setTopK,1026,10
1431669088.205993,send,h7,setTopK,1013,10
1431669088.264179,send,h4,setTopK,1027,10
1431669088.265984,send,h5,setTopK,1026,10
1431669088.267714,send,h10,setTopK,1027,10
1431669091.434127,recv,h3,handleViolations,766,10
1431669091.434488,send,h8,getSomeCounts,167,10
1431669091.436478,send,h9,getSomeCounts,167,10
1431669091.438094,send,h2,getSomeCounts,167,10
1431669091.439694,send,h1,getSomeCounts,167,10
1431669091.441414,send,h6,getSomeCounts,167,10
1431669091.443043,send,h7,getSomeCounts,167,10
1431669091.61798,send,h4,getSomeCounts,167,10
1431669091.619598,send,h5,getSomeCounts,167,10
1431669091.621057,send,h10,getSomeCounts,168,10
1431669091.752576,recv,h9,getCountsResponse,585,10
1431669091.924485,recv,h8,getCountsResponse,584,10
1431669091.966022,recv,h2,getCountsResponse,585,10
1431669091.992593,recv,h6,getCountsResponse,584,10
1431669092.024707,recv,h7,getCountsResponse,585,10
1431669092.032579,recv,h1,getCountsResponse,571,10
1431669092.044953,recv,h9,handleViolations,716,10
1431669092.064683,recv,h2,handleViolations,717,10
1431669092.065114,recv,h10,getCountsResponse,585,10
1431669092.066012,recv,h4,getCountsResponse,585,10
1431669092.078229,recv,h8,handleViolations,703,10
1431669092.693989,recv,h5,handleViolations,702,10
1431669093.124115,recv,h5,getCountsResponse,569,10
1431669093.284488,send,h8,setTopK,1013,10
1431669093.286922,send,h9,setTopK,1026,10
1431669093.289169,send,h2,setTopK,1027,10
1431669093.290943,send,h3,setTopK,1036,10
1431669093.292452,send,h1,setTopK,1003,10
1431669093.37255,send,h6,setTopK,1016,10
1431669093.53279,send,h7,setTopK,1017,10
1431669093.534646,send,h4,setTopK,1017,10
1431669093.536196,send,h5,setTopK,1012,10
1431669093.537747,send,h10,setTopK,1017,10
1431669095.292971,recv,h1,handleViolations,758,10
1431669095.293317,send,h8,getSomeCounts,167,10
1431669095.295196,send,h9,getSomeCounts,167,10
1431669095.296909,send,h2,getSomeCounts,167,10
1431669095.29851,send,h3,getSomeCounts,167,10
1431669095.300477,send,h6,getSomeCounts,167,10
1431669095.412657,send,h7,getSomeCounts,167,10
1431669095.414369,send,h4,getSomeCounts,167,10
1431669095.415749,send,h5,getSomeCounts,167,10
1431669095.417169,send,h10,getSomeCounts,168,10
1431669095.544583,recv,h8,getCountsResponse,596,10
1431669095.592505,recv,h2,getCountsResponse,595,10
1431669095.772638,recv,h9,getCountsResponse,582,10
1431669095.864562,recv,h10,getCountsResponse,596,10
1431669095.873864,recv,h3,getCountsResponse,595,10
1431669095.892562,recv,h6,getCountsResponse,595,10
1431669096.046409,recv,h7,getCountsResponse,595,10
1431669096.105999,recv,h5,getCountsResponse,595,10
1431669096.165791,recv,h4,getCountsResponse,596,10
1431669096.192537,recv,h7,handleViolations,707,10
1431669096.604415,send,h8,setTopK,1028,10
1431669096.624728,send,h9,setTopK,1028,10
1431669096.627748,send,h2,setTopK,1027,10
1431669096.69784,send,h3,setTopK,1027,10
1431669096.699983,send,h1,setTopK,1028,10
1431669096.702043,send,h6,setTopK,1027,10
1431669096.725992,send,h7,setTopK,1017,10
1431669096.72785,send,h4,setTopK,1028,10
1431669096.729548,send,h5,setTopK,1027,10
1431669096.744672,send,h10,setTopK,1028,10
1431669099.604514,recv,h1,handleViolations,758,10
1431669099.604789,send,h8,getSomeCounts,167,10
1431669099.612239,send,h9,getSomeCounts,167,10
1431669099.614118,send,h2,getSomeCounts,167,10
1431669099.626067,send,h3,getSomeCounts,167,10
1431669099.627709,send,h6,getSomeCounts,167,10
1431669099.629272,send,h7,getSomeCounts,167,10
1431669099.63089,send,h4,getSomeCounts,167,10
1431669099.633962,send,h5,getSomeCounts,167,10
1431669099.635363,send,h10,getSomeCounts,168,10
1431669099.68817,recv,h2,getCountsResponse,595,10
1431669099.692716,recv,h9,getCountsResponse,596,10
1431669099.754348,recv,h3,getCountsResponse,595,10
1431669099.806139,recv,h10,getCountsResponse,596,10
1431669099.886581,recv,h6,getCountsResponse,594,10
1431669099.912825,recv,h4,getCountsResponse,595,10
1431669100.064584,recv,h8,getCountsResponse,595,10
1431669100.212602,recv,h5,getCountsResponse,595,10
1431669100.22606,recv,h7,getCountsResponse,594,10
1431669100.7246,send,h8,setTopK,1027,10
1431669100.733351,send,h9,setTopK,1025,10
1431669100.739042,send,h2,setTopK,1027,10
1431669100.740835,send,h3,setTopK,1027,10
1431669100.74251,send,h1,setTopK,1026,10
1431669100.744129,send,h6,setTopK,1026,10
1431669100.77273,send,h7,setTopK,1026,10
1431669100.774406,send,h4,setTopK,1027,10
1431669100.776032,send,h5,setTopK,1027,10
1431669100.777613,send,h10,setTopK,1028,10
1431669105.032717,recv,h9,handleViolations,756,10
1431669105.033016,send,h8,getSomeCounts,167,10
1431669105.035344,send,h2,getSomeCounts,167,10
1431669105.045885,send,h3,getSomeCounts,167,10
1431669105.047538,send,h1,getSomeCounts,167,10
1431669105.049163,send,h6,getSomeCounts,167,10
1431669105.050734,send,h7,getSomeCounts,167,10
1431669105.052416,send,h4,getSomeCounts,167,10
1431669105.05371,send,h5,getSomeCounts,167,10
1431669105.059122,send,h10,getSomeCounts,168,10
1431669105.204732,recv,h10,getCountsResponse,595,10
1431669105.232629,recv,h5,getCountsResponse,595,10
1431669105.244896,recv,h7,getCountsResponse,594,10
1431669105.25264,recv,h2,getCountsResponse,595,10
1431669105.26589,recv,h3,getCountsResponse,595,10
1431669105.272703,recv,h4,getCountsResponse,595,10
1431669105.27312,recv,h8,getCountsResponse,595,10
1431669105.286026,recv,h1,getCountsResponse,595,10
1431669105.324544,recv,h6,getCountsResponse,581,10
1431669105.56598,send,h8,setTopK,1027,10
1431669105.568017,send,h9,setTopK,1026,10
1431669105.569627,send,h2,setTopK,1027,10
1431669105.57125,send,h3,setTopK,1027,10
1431669105.573566,send,h1,setTopK,1027,10
1431669105.626209,send,h6,setTopK,1013,10
1431669105.628108,send,h7,setTopK,1026,10
1431669105.629817,send,h4,setTopK,1027,10
1431669105.631339,send,h5,setTopK,1027,10
1431669105.832599,send,h10,setTopK,1028,10
1431669105.962128,recv,h10,handleViolations,718,10
1431669110.209319,recv,h10,handleViolations,757,10
1431669110.209659,send,h8,getSomeCounts,167,10
1431669110.211676,send,h9,getSomeCounts,167,10
1431669110.213505,send,h2,getSomeCounts,167,10
1431669110.214849,send,h3,getSomeCounts,167,10
1431669110.216412,send,h1,getSomeCounts,167,10
1431669110.344558,send,h6,getSomeCounts,167,10
1431669110.346269,send,h7,getSomeCounts,167,10
1431669110.347988,send,h4,getSomeCounts,167,10
1431669110.349486,send,h5,getSomeCounts,167,10
1431669110.472847,recv,h4,handleViolations,717,10
1431669110.626577,recv,h2,getCountsResponse,595,10
1431669110.68651,recv,h8,getCountsResponse,594,10
1431669110.743474,recv,h3,getCountsResponse,594,10
1431669110.804649,recv,h7,getCountsResponse,594,10
1431669110.864661,recv,h6,getCountsResponse,594,10
1431669111.026089,recv,h1,getCountsResponse,595,10
1431669111.072804,recv,h5,getCountsResponse,604,10
1431669111.186054,recv,h9,getCountsResponse,594,10
1431669111.22586,recv,h4,getCountsResponse,595,10
1431669111.406036,send,h8,setTopK,1026,10
1431669111.408701,send,h9,setTopK,1026,10
1431669111.410929,send,h2,setTopK,1027,10
1431669111.463545,send,h3,setTopK,1026,10
1431669111.465638,send,h1,setTopK,1027,10
1431669111.467329,send,h6,setTopK,1026,10
1431669111.468925,send,h7,setTopK,1026,10
1431669111.470462,send,h4,setTopK,1027,10
1431669111.572745,send,h5,setTopK,1036,10
1431669111.575239,send,h10,setTopK,1027,10
1431669114.626107,recv,h4,handleViolations,757,10
1431669114.62642,send,h8,getSomeCounts,167,10
1431669114.628375,send,h9,getSomeCounts,167,10
1431669114.630005,send,h2,getSomeCounts,167,10
1431669114.631574,send,h3,getSomeCounts,167,10
1431669114.672615,send,h1,getSomeCounts,167,10
1431669114.834092,send,h6,getSomeCounts,167,10
1431669114.835501,send,h7,getSomeCounts,167,10
1431669114.837527,send,h5,getSomeCounts,167,10
1431669114.854048,send,h10,getSomeCounts,168,10
1431669114.904639,recv,h8,getCountsResponse,595,10
1431669114.924746,recv,h2,getCountsResponse,596,10
1431669114.926403,recv,h3,getCountsResponse,595,10
1431669114.945673,recv,h7,getCountsResponse,595,10
1431669115.154112,recv,h9,getCountsResponse,595,10
1431669115.15468,recv,h1,getCountsResponse,596,10
1431669115.166044,recv,h10,getCountsResponse,595,10
1431669115.21255,recv,h6,getCountsResponse,595,10
1431669115.300572,recv,h5,getCountsResponse,596,10
1431669115.504757,send,h8,setTopK,1013,10
1431669115.507069,send,h9,setTopK,1027,10
1431669115.508799,send,h2,setTopK,1028,10
1431669115.510328,send,h3,setTopK,1027,10
1431669115.512257,send,h1,setTopK,1028,10
1431669115.684683,send,h6,setTopK,1027,10
1431669115.686425,send,h7,setTopK,1027,10
1431669115.688098,send,h4,setTopK,1027,10
1431669115.732721,send,h5,setTopK,1014,10
1431669115.73418,send,h10,setTopK,1027,10
1431669119.294208,recv,h3,handleViolations,757,10
1431669119.294521,send,h8,getSomeCounts,167,10
1431669119.296496,send,h9,getSomeCounts,167,10
1431669119.312587,send,h2,getSomeCounts,167,10
1431669119.314397,send,h1,getSomeCounts,167,10
1431669119.316045,send,h6,getSomeCounts,167,10
1431669119.31776,send,h7,getSomeCounts,167,10
1431669119.324437,send,h4,getSomeCounts,167,10
1431669119.327296,send,h5,getSomeCounts,167,10
1431669119.37277,send,h10,getSomeCounts,168,10
1431669119.520753,recv,h2,handleViolations,718,10
1431669119.546427,recv,h2,getCountsResponse,596,10
1431669119.58451,recv,h5,getCountsResponse,582,10
1431669119.724927,recv,h1,getCountsResponse,596,10
1431669119.826023,recv,h9,getCountsResponse,595,10
1431669119.874064,recv,h8,getCountsResponse,581,10
1431669119.925922,recv,h6,getCountsResponse,595,10
1431669120.002638,recv,h7,getCountsResponse,596,10
1431669120.064553,recv,h4,getCountsResponse,596,10
1431669120.104642,recv,h10,getCountsResponse,583,10
1431669120.452589,send,h8,setTopK,1018,10
1431669120.626263,send,h9,setTopK,1017,10
1431669120.628432,send,h2,setTopK,1017,10
1431669120.630254,send,h3,setTopK,1017,10
1431669120.631896,send,h1,setTopK,1018,10
1431669120.652665,send,h6,setTopK,1017,10
1431669120.654442,send,h7,setTopK,1017,10
1431669120.656092,send,h4,setTopK,1004,10
1431669120.657749,send,h5,setTopK,1018,10
1431669120.659456,send,h10,setTopK,1019,10
1431669123.726133,recv,h2,handleViolations,747,10
1431669123.726474,send,h8,getSomeCounts,167,10
1431669123.728493,send,h9,getSomeCounts,167,10
1431669123.730136,send,h3,getSomeCounts,167,10
1431669123.732551,send,h1,getSomeCounts,167,10
1431669123.734118,send,h6,getSomeCounts,167,10
1431669123.772629,send,h7,getSomeCounts,167,10
1431669123.774569,send,h4,getSomeCounts,167,10
1431669123.77614,send,h5,getSomeCounts,167,10
1431669123.777489,send,h10,getSomeCounts,168,10
1431669124.004625,recv,h9,getCountsResponse,585,10
1431669124.106043,recv,h7,getCountsResponse,585,10
1431669124.206593,recv,h10,getCountsResponse,587,10
1431669124.232653,recv,h4,getCountsResponse,572,10
1431669124.324575,recv,h8,getCountsResponse,586,10
1431669124.452612,recv,h3,getCountsResponse,585,10
1431669124.594045,recv,h5,getCountsResponse,586,10
1431669124.652715,recv,h5,handleViolations,718,10
1431669124.66604,recv,h1,getCountsResponse,586,10
1431669124.684535,recv,h6,getCountsResponse,585,10
1431669124.686151,recv,h3,handleViolations,718,10
1431669124.772767,recv,h8,handleViolations,718,10
1431669124.872546,send,h8,setTopK,1018,10
1431669125.044669,send,h9,setTopK,1017,10
1431669125.047541,send,h2,setTopK,1017,10
1431669125.049458,send,h3,setTopK,1017,10
1431669125.051165,send,h1,setTopK,1018,10
1431669125.084376,send,h6,setTopK,1027,10
1431669125.086237,send,h7,setTopK,1028,10
1431669125.087831,send,h4,setTopK,1027,10
1431669125.089443,send,h5,setTopK,1018,10
1431669125.0911,send,h10,setTopK,1027,10
1431669127.574173,recv,h1,handleViolations,758,10
1431669127.574515,send,h8,getSomeCounts,167,10
1431669127.576504,send,h9,getSomeCounts,167,10
1431669127.578168,send,h2,getSomeCounts,167,10
1431669127.579979,send,h3,getSomeCounts,167,10
1431669127.581645,send,h6,getSomeCounts,167,10
1431669127.583011,send,h7,getSomeCounts,167,10
1431669127.717989,send,h4,getSomeCounts,167,10
1431669127.719802,send,h5,getSomeCounts,167,10
1431669127.721325,send,h10,getSomeCounts,168,10
1431669127.926036,recv,h9,getCountsResponse,595,10
1431669128.006007,recv,h8,getCountsResponse,595,10
1431669128.065919,recv,h2,getCountsResponse,595,10
1431669128.106077,recv,h10,getCountsResponse,595,10
1431669128.166048,recv,h7,getCountsResponse,596,10
1431669128.205994,recv,h6,getCountsResponse,595,10
1431669128.292644,recv,h4,getCountsResponse,595,10
1431669128.352578,recv,h3,getCountsResponse,595,10
1431669128.504708,recv,h8,handleViolations,708,10
1431669128.664657,recv,h5,handleViolations,708,10
1431669129.044847,recv,h5,getCountsResponse,595,10
1431669129.384502,send,h8,setTopK,1018,10
1431669129.386813,send,h9,setTopK,1027,10
1431669129.3888,send,h2,setTopK,1027,10
1431669129.390725,send,h3,setTopK,1027,10
1431669129.392578,send,h1,setTopK,1028,10
1431669129.432805,send,h6,setTopK,1027,10
1431669129.434474,send,h7,setTopK,1028,10
1431669129.436212,send,h4,setTopK,1027,10
1431669129.442185,send,h5,setTopK,1018,10
1431669129.444003,send,h10,setTopK,1027,10
1431669132.024665,recv,h1,handleViolations,755,10
1431669132.025006,send,h8,getSomeCounts,167,10
1431669132.044573,send,h9,getSomeCounts,167,10
1431669132.046258,send,h2,getSomeCounts,167,10
1431669132.04797,send,h3,getSomeCounts,167,10
1431669132.049648,send,h6,getSomeCounts,167,10
1431669132.051323,send,h7,getSomeCounts,167,10
1431669132.053198,send,h4,getSomeCounts,167,10
1431669132.214048,send,h5,getSomeCounts,167,10
1431669132.215722,send,h10,getSomeCounts,168,10
1431669132.254247,recv,h2,getCountsResponse,580,10
1431669132.294055,recv,h3,getCountsResponse,592,10
1431669132.338052,recv,h7,getCountsResponse,593,10
1431669132.394037,recv,h8,getCountsResponse,593,10
1431669132.457246,recv,h4,getCountsResponse,593,10
1431669132.484703,recv,h9,getCountsResponse,593,10
1431669132.604551,recv,h6,getCountsResponse,580,10
1431669132.630184,recv,h10,getCountsResponse,594,10
1431669132.672574,recv,h5,getCountsResponse,593,10
1431669132.789986,send,h8,setTopK,1025,10
1431669132.792189,send,h9,setTopK,1025,10
1431669132.793865,send,h2,setTopK,1012,10
1431669132.795549,send,h3,setTopK,1024,10
1431669132.797218,send,h1,setTopK,1025,10
1431669132.798833,send,h6,setTopK,1012,10
1431669132.800489,send,h7,setTopK,1025,10
1431669132.802222,send,h4,setTopK,1025,10
1431669132.949761,send,h5,setTopK,1025,10
1431669132.951677,send,h10,setTopK,1026,10
1431669136.806092,recv,h6,handleViolations,757,10
1431669136.806454,send,h8,getSomeCounts,167,10
1431669136.864466,send,h9,getSomeCounts,167,10
1431669136.866755,send,h2,getSomeCounts,167,10
1431669136.868558,send,h3,getSomeCounts,167,10
1431669136.870023,send,h1,getSomeCounts,167,10
1431669136.904708,send,h7,getSomeCounts,167,10
1431669136.906678,send,h4,getSomeCounts,167,10
1431669136.908391,send,h5,getSomeCounts,167,10
1431669136.91003,send,h10,getSomeCounts,168,10
1431669136.984559,recv,h8,getCountsResponse,582,10
1431669137.072801,recv,h5,getCountsResponse,582,10
1431669137.252679,recv,h3,getCountsResponse,594,10
1431669137.300595,recv,h10,getCountsResponse,596,10
1431669137.484603,recv,h9,getCountsResponse,594,10
1431669137.494072,recv,h4,getCountsResponse,594,10
1431669137.494595,recv,h1,getCountsResponse,595,10
1431669137.610085,recv,h2,getCountsResponse,594,10
1431669137.652601,recv,h7,getCountsResponse,594,10
1431669138.024559,send,h8,setTopK,1014,10
1431669138.026895,send,h9,setTopK,1026,10
1431669138.028748,send,h2,setTopK,1026,10
1431669138.030538,send,h3,setTopK,1026,10
1431669138.045702,send,h1,setTopK,1027,10
1431669138.048178,send,h6,setTopK,1027,10
1431669138.049781,send,h7,setTopK,1026,10
1431669138.065054,send,h4,setTopK,1026,10
1431669138.066646,send,h5,setTopK,1014,10
1431669138.072374,send,h10,setTopK,1028,10
1431669142.33408,recv,h3,handleViolations,758,10
1431669142.334448,send,h8,getSomeCounts,167,10
1431669142.336383,send,h9,getSomeCounts,167,10
1431669142.338053,send,h2,getSomeCounts,167,10
1431669142.339541,send,h1,getSomeCounts,167,10
1431669142.341057,send,h6,getSomeCounts,167,10
1431669142.352548,send,h7,getSomeCounts,167,10
1431669142.354285,send,h4,getSomeCounts,167,10
1431669142.355977,send,h5,getSomeCounts,167,10
1431669142.357535,send,h10,getSomeCounts,168,10
1431669142.624548,recv,h1,getCountsResponse,581,10
1431669142.644652,recv,h4,getCountsResponse,582,10
1431669142.69506,recv,h10,getCountsResponse,596,10
1431669142.752793,recv,h5,getCountsResponse,581,10
1431669142.764594,recv,h8,getCountsResponse,582,10
1431669142.766631,recv,h2,getCountsResponse,596,10
1431669142.78547,recv,h2,handleViolations,716,10
1431669142.792551,recv,h7,getCountsResponse,596,10
1431669142.804504,recv,h9,getCountsResponse,596,10
1431669143.784586,recv,h6,getCountsResponse,595,10
1431669144.149964,send,h8,setTopK,1014,10
1431669144.15217,send,h9,setTopK,1028,10
1431669144.153888,send,h2,setTopK,1026,10
1431669144.155615,send,h3,setTopK,1028,10
1431669144.157428,send,h1,setTopK,1013,10
1431669144.15906,send,h6,setTopK,1027,10
1431669144.160625,send,h7,setTopK,1028,10
1431669144.162285,send,h4,setTopK,1014,10
1431669144.324278,send,h5,setTopK,1013,10
1431669144.344708,send,h10,setTopK,1028,10
1431669146.586144,recv,h3,handleViolations,747,10
1431669146.586493,send,h8,getSomeCounts,167,10
1431669146.59225,send,h9,getSomeCounts,167,10
1431669146.594009,send,h2,getSomeCounts,167,10
1431669146.604266,send,h1,getSomeCounts,167,10
1431669146.605694,send,h6,getSomeCounts,167,10
1431669146.60709,send,h7,getSomeCounts,167,10
1431669146.608412,send,h4,getSomeCounts,167,10
1431669146.608934,recv,h4,handleViolations,718,10
1431669146.613197,send,h5,getSomeCounts,167,10
1431669146.614738,send,h10,getSomeCounts,168,10
1431669146.790136,recv,h4,getCountsResponse,585,10
1431669146.792926,recv,h2,getCountsResponse,586,10
1431669146.804684,recv,h5,getCountsResponse,586,10
1431669146.812612,recv,h10,getCountsResponse,573,10
1431669146.814095,recv,h1,getCountsResponse,572,10
1431669146.844643,recv,h9,getCountsResponse,572,10
1431669146.84497,recv,h7,getCountsResponse,586,10
1431669147.13413,recv,h6,getCountsResponse,586,10
1431669147.186065,recv,h2,handleViolations,718,10
1431669147.452759,recv,h5,handleViolations,717,10
1431669147.694926,recv,h7,handleViolations,718,10
1431669147.874102,recv,h8,getCountsResponse,585,10
1431669148.254121,recv,h8,handleViolations,718,10
1431669148.302106,recv,h9,handleViolations,718,10
1431669148.302468,send,h8,setTopK,1028,10
1431669148.304679,send,h9,setTopK,1018,10
1431669148.306675,send,h2,setTopK,1018,10
1431669148.308426,send,h3,setTopK,1017,10
1431669148.30999,send,h1,setTopK,1018,10
1431669148.312219,send,h6,setTopK,1004,10
1431669148.330972,send,h7,setTopK,1018,10
1431669148.332646,send,h4,setTopK,1028,10
1431669148.334369,send,h5,setTopK,1027,10
1431669148.336176,send,h10,setTopK,1019,10
1431669150.013218,recv,h6,handleViolations,734,10
1431669150.013609,send,h8,getSomeCounts,167,10
1431669150.015353,send,h9,getSomeCounts,167,10
1431669150.01705,send,h2,getSomeCounts,167,10
1431669150.019497,send,h3,getSomeCounts,167,10
1431669150.021258,send,h1,getSomeCounts,167,10
1431669150.114381,send,h7,getSomeCounts,167,10
1431669150.116307,send,h4,getSomeCounts,167,10
1431669150.117853,send,h5,getSomeCounts,167,10
1431669150.174026,send,h10,getSomeCounts,168,10
1431669150.175952,recv,h9,getCountsResponse,586,10
1431669150.325872,recv,h1,getCountsResponse,586,10
1431669150.380704,recv,h3,getCountsResponse,585,10
1431669150.406684,recv,h7,getCountsResponse,586,10
1431669150.444826,recv,h2,getCountsResponse,586,10
1431669150.472591,recv,h10,getCountsResponse,587,10
1431669150.492715,recv,h4,getCountsResponse,596,10
1431669150.513244,recv,h8,getCountsResponse,596,10
1431669150.526442,recv,h5,getCountsResponse,595,10
1431669150.865978,send,h8,setTopK,1018,10
1431669150.868064,send,h9,setTopK,1018,10
1431669150.869723,send,h2,setTopK,1017,10
1431669150.871428,send,h3,setTopK,1028,10
1431669150.884887,send,h1,setTopK,1017,10
1431669150.886613,send,h6,setTopK,1018,10
1431669150.8883,send,h7,setTopK,1018,10
1431669150.890115,send,h4,setTopK,1018,10
1431669150.937052,send,h5,setTopK,1017,10
1431669150.938995,send,h10,setTopK,1018,10
1431669154.376756,recv,h4,handleViolations,748,10
1431669154.377092,send,h8,getSomeCounts,167,10
1431669154.379039,send,h9,getSomeCounts,167,10
1431669154.38067,send,h2,getSomeCounts,167,10
1431669154.382279,send,h3,getSomeCounts,167,10
1431669154.425633,send,h1,getSomeCounts,167,10
1431669154.466107,send,h6,getSomeCounts,167,10
1431669154.467895,send,h7,getSomeCounts,167,10
1431669154.472335,send,h5,getSomeCounts,167,10
1431669154.474009,send,h10,getSomeCounts,168,10
1431669154.56559,recv,h1,getCountsResponse,585,10
1431669154.592768,recv,h2,getCountsResponse,585,10
1431669154.606075,recv,h9,getCountsResponse,586,10
1431669154.614919,recv,h5,getCountsResponse,585,10
1431669154.615967,recv,h6,getCountsResponse,586,10
1431669154.695345,recv,h3,handleViolations,718,10
1431669154.695697,recv,h3,getCountsResponse,586,10
1431669154.705013,recv,h10,getCountsResponse,586,10
1431669154.705709,recv,h8,getCountsResponse,586,10
1431669154.8727,recv,h7,getCountsResponse,586,10
1431669154.993982,send,h8,setTopK,1018,10
1431669154.995882,send,h9,setTopK,1018,10
1431669154.997506,send,h2,setTopK,1017,10
1431669154.999027,send,h3,setTopK,1028,10
1431669155.000589,send,h1,setTopK,1017,10
1431669155.003031,send,h6,setTopK,1018,10
1431669155.004844,send,h7,setTopK,1018,10
1431669155.106047,send,h4,setTopK,1018,10
1431669155.186733,send,h5,setTopK,1017,10
1431669155.188469,send,h10,setTopK,1018,10
1431669158.489654,recv,h9,handleViolations,758,10
1431669158.490004,send,h8,getSomeCounts,167,10
1431669158.491997,send,h2,getSomeCounts,167,10
1431669158.493604,send,h3,getSomeCounts,167,10
1431669158.495191,send,h1,getSomeCounts,167,10
1431669158.496882,send,h6,getSomeCounts,167,10
1431669158.498514,send,h7,getSomeCounts,167,10
1431669158.500119,send,h4,getSomeCounts,167,10
1431669158.50206,send,h5,getSomeCounts,167,10
1431669158.503432,send,h10,getSomeCounts,168,10
1431669158.626149,recv,h7,getCountsResponse,596,10
1431669158.644591,recv,h3,getCountsResponse,596,10
1431669158.742983,recv,h1,getCountsResponse,594,10
1431669158.806079,recv,h10,getCountsResponse,596,10
1431669158.906161,recv,h4,handleViolations,694,10
1431669158.984736,recv,h8,getCountsResponse,595,10
1431669159.005894,recv,h4,getCountsResponse,581,10
1431669159.165782,recv,h2,getCountsResponse,596,10
1431669159.246412,recv,h5,getCountsResponse,581,10
1431669159.324568,recv,h6,getCountsResponse,596,10
1431669159.512808,recv,h2,handleViolations,707,10
1431669159.513329,send,h8,setTopK,1004,10
1431669159.515633,send,h9,setTopK,1028,10
1431669159.517365,send,h2,setTopK,1017,10
1431669159.518858,send,h3,setTopK,1018,10
1431669159.520394,send,h1,setTopK,1026,10
1431669159.522068,send,h6,setTopK,1028,10
1431669159.523628,send,h7,setTopK,1018,10
1431669159.550171,send,h4,setTopK,1004,10
1431669159.55184,send,h5,setTopK,1003,10
1431669159.553433,send,h10,setTopK,1028,10
1431669159.556129,recv,h8,handleViolations,694,10
1431669159.72613,recv,h7,handleViolations,708,10
1431669159.778878,recv,h3,handleViolations,708,10
1431669159.796575,recv,h5,handleViolations,693,10
1431669164.472733,recv,h2,handleViolations,765,10
1431669164.473096,send,h8,getSomeCounts,167,10
1431669164.475045,send,h9,getSomeCounts,167,10
1431669164.476618,send,h3,getSomeCounts,167,10
1431669164.478223,send,h1,getSomeCounts,167,10
1431669164.479831,send,h6,getSomeCounts,167,10
1431669164.481453,send,h7,getSomeCounts,167,10
1431669164.483099,send,h4,getSomeCounts,167,10
1431669164.584567,send,h5,getSomeCounts,167,10
1431669164.586099,send,h10,getSomeCounts,168,10
1431669164.658837,recv,h3,handleViolations,718,10
1431669164.704947,recv,h9,getCountsResponse,603,10
1431669164.793947,recv,h4,getCountsResponse,588,10
1431669164.912706,recv,h5,getCountsResponse,588,10
1431669164.952692,recv,h7,getCountsResponse,603,10
1431669165.00605,recv,h10,getCountsResponse,589,10
1431669165.106043,recv,h1,getCountsResponse,602,10
1431669165.146346,recv,h8,getCountsResponse,589,10
1431669165.19408,recv,h6,getCountsResponse,588,10
1431669165.232543,recv,h3,getCountsResponse,603,10
1431669165.646358,send,h8,setTopK,1021,10
1431669165.648628,send,h9,setTopK,1035,10
1431669165.650392,send,h2,setTopK,1035,10
1431669165.652224,send,h3,setTopK,1035,10
1431669165.81308,send,h1,setTopK,1034,10
1431669165.815202,send,h6,setTopK,1020,10
1431669165.816771,send,h7,setTopK,1035,10
1431669165.819233,send,h4,setTopK,1020,10
1431669165.870755,send,h5,setTopK,1034,10
1431669165.872407,send,h10,setTopK,1013,10
1431669169.044726,recv,h2,handleViolations,757,10
1431669169.045229,send,h8,getSomeCounts,167,10
1431669169.048289,send,h9,getSomeCounts,167,10
1431669169.050239,send,h3,getSomeCounts,167,10
1431669169.051954,send,h1,getSomeCounts,167,10
1431669169.073978,send,h6,getSomeCounts,167,10
1431669169.075765,send,h7,getSomeCounts,167,10
1431669169.077406,send,h4,getSomeCounts,167,10
1431669169.079094,send,h5,getSomeCounts,167,10
1431669169.080817,send,h10,getSomeCounts,168,10
1431669169.124839,recv,h3,handleViolations,725,10
1431669169.166084,recv,h3,getCountsResponse,595,10
1431669169.166605,recv,h1,getCountsResponse,594,10
1431669169.414457,recv,h7,getCountsResponse,595,10
1431669169.414982,recv,h10,getCountsResponse,581,10
1431669169.48477,recv,h9,getCountsResponse,580,10
1431669169.494093,recv,h6,getCountsResponse,595,10
1431669169.494557,recv,h8,getCountsResponse,595,10
1431669169.496561,recv,h8,handleViolations,725,10
1431669169.608908,recv,h4,getCountsResponse,595,10
1431669169.654348,recv,h5,getCountsResponse,595,10
1431669169.772827,recv,h4,handleViolations,724,10
1431669169.83746,recv,h5,handleViolations,724,10
1431669170.144712,recv,h6,handleViolations,724,10
1431669170.144998,send,h8,setTopK,1035,10
1431669170.147296,send,h9,setTopK,1012,10
1431669170.149198,send,h2,setTopK,1027,10
1431669170.150909,send,h3,setTopK,1035,10
1431669170.153314,send,h1,setTopK,1026,10
1431669170.214903,send,h6,setTopK,1034,10
1431669170.216929,send,h7,setTopK,1027,10
1431669170.218529,send,h4,setTopK,1034,10
1431669170.220166,send,h5,setTopK,1034,10
1431669170.221906,send,h10,setTopK,1013,10
1431669173.31412,recv,h1,handleViolations,757,10
1431669173.314461,send,h8,getSomeCounts,167,10
1431669173.316624,send,h9,getSomeCounts,167,10
1431669173.318324,send,h2,getSomeCounts,167,10
1431669173.319852,send,h3,getSomeCounts,167,10
1431669173.335685,send,h6,getSomeCounts,167,10
1431669173.337522,send,h7,getSomeCounts,167,10
1431669173.339144,send,h4,getSomeCounts,167,10
1431669173.340696,send,h5,getSomeCounts,167,10
1431669173.342075,send,h10,getSomeCounts,168,10
1431669173.55279,recv,h2,getCountsResponse,596,10
1431669173.60871,recv,h10,getCountsResponse,596,10
1431669173.664598,recv,h4,getCountsResponse,596,10
1431669173.684739,recv,h7,getCountsResponse,596,10
1431669173.698294,recv,h5,getCountsResponse,596,10
1431669173.726132,recv,h3,getCountsResponse,596,10
1431669173.766013,recv,h6,getCountsResponse,596,10
1431669173.824609,recv,h9,getCountsResponse,596,10
1431669173.837229,recv,h8,getCountsResponse,595,10
1431669173.844362,send,h8,setTopK,1027,10
1431669173.846287,send,h9,setTopK,1028,10
1431669173.847832,send,h2,setTopK,1028,10
1431669173.849318,send,h3,setTopK,1028,10
1431669173.850795,send,h1,setTopK,1027,10
1431669173.85324,send,h6,setTopK,1028,10
1431669173.854774,send,h7,setTopK,1028,10
1431669173.856305,send,h4,setTopK,1028,10
1431669173.857774,send,h5,setTopK,1028,10
1431669173.868768,send,h10,setTopK,1028,10
1431669177.834134,recv,h2,handleViolations,744,10
1431669177.83456,send,h8,getSomeCounts,167,10
1431669177.836543,send,h9,getSomeCounts,167,10
1431669177.838157,send,h3,getSomeCounts,167,10
1431669177.839796,send,h1,getSomeCounts,167,10
1431669177.841426,send,h6,getSomeCounts,167,10
1431669177.843092,send,h7,getSomeCounts,167,10
1431669177.85349,send,h4,getSomeCounts,167,10
1431669177.85525,send,h5,getSomeCounts,167,10
1431669177.857072,send,h10,getSomeCounts,168,10
1431669177.885129,recv,h1,handleViolations,703,10
1431669178.0821,recv,h1,getCountsResponse,595,10
1431669178.08262,recv,h5,getCountsResponse,594,10
1431669178.172753,recv,h7,getCountsResponse,596,10
1431669178.226176,recv,h3,getCountsResponse,595,10
1431669178.292699,recv,h6,getCountsResponse,594,10
1431669178.434147,recv,h4,handleViolations,718,10
1431669178.472674,recv,h10,getCountsResponse,595,10
1431669178.514691,recv,h8,getCountsResponse,595,10
1431669178.67388,recv,h4,getCountsResponse,596,10
1431669178.812681,recv,h9,getCountsResponse,596,10
1431669178.964874,recv,h3,handleViolations,704,10
1431669178.965353,send,h8,setTopK,1027,10
1431669178.967332,send,h9,setTopK,1028,10
1431669178.968864,send,h2,setTopK,1014,10
1431669178.970352,send,h3,setTopK,1014,10
1431669178.972014,send,h1,setTopK,1013,10
1431669178.985656,send,h6,setTopK,1028,10
1431669178.987189,send,h7,setTopK,1028,10
1431669178.988731,send,h4,setTopK,1028,10
1431669178.990304,send,h5,setTopK,1028,10
1431669178.991932,send,h10,setTopK,1027,10
1431669179.00729,recv,h5,handleViolations,718,10
1431669179.014219,recv,h6,handleViolations,718,10
1431669184.371447,recv,h1,handleViolations,758,10
1431669184.371812,send,h8,getSomeCounts,167,10
1431669184.373722,send,h9,getSomeCounts,167,10
1431669184.375238,send,h2,getSomeCounts,167,10
1431669184.376776,send,h3,getSomeCounts,167,10
1431669184.378244,send,h6,getSomeCounts,167,10
1431669184.379746,send,h7,getSomeCounts,167,10
1431669184.381299,send,h4,getSomeCounts,167,10
1431669184.382835,send,h5,getSomeCounts,167,10
1431669184.384418,send,h10,getSomeCounts,168,10
1431669184.684621,recv,h9,getCountsResponse,580,10
1431669184.704871,recv,h3,getCountsResponse,580,10
1431669184.705679,recv,h2,getCountsResponse,580,10
1431669184.714145,recv,h7,getCountsResponse,595,10
1431669184.73264,recv,h10,getCountsResponse,597,10
1431669184.793999,recv,h5,getCountsResponse,596,10
1431669184.874333,recv,h8,getCountsResponse,596,10
1431669184.924611,recv,h6,getCountsResponse,595,10
1431669184.938114,recv,h4,getCountsResponse,582,10
1431669185.014915,send,h8,setTopK,1028,10
1431669185.017146,send,h9,setTopK,1012,10
1431669185.019061,send,h2,setTopK,1012,10
1431669185.020807,send,h3,setTopK,1012,10
1431669185.022422,send,h1,setTopK,1028,10
1431669185.023957,send,h6,setTopK,1027,10
1431669185.046449,send,h7,setTopK,1027,10
1431669185.047948,send,h4,setTopK,1014,10
1431669185.04939,send,h5,setTopK,1028,10
1431669185.050763,send,h10,setTopK,1029,10
1431669189.604634,recv,h6,handleViolations,757,10
1431669189.604925,send,h8,getSomeCounts,167,10
1431669189.619759,send,h9,getSomeCounts,167,10
1431669189.62437,send,h2,getSomeCounts,167,10
1431669189.692757,send,h3,getSomeCounts,167,10
1431669189.695455,send,h1,getSomeCounts,167,10
1431669189.697881,send,h7,getSomeCounts,167,10
1431669189.700074,send,h4,getSomeCounts,167,10
1431669189.702095,send,h5,getSomeCounts,167,10
1431669189.704948,send,h10,getSomeCounts,168,10
1431669189.792981,recv,h9,getCountsResponse,579,10
1431669189.7932,recv,h1,handleViolations,718,10
1431669189.944585,recv,h5,getCountsResponse,594,10
1431669190.004709,recv,h8,getCountsResponse,580,10
1431669190.034931,recv,h4,getCountsResponse,595,10
1431669190.152971,recv,h1,getCountsResponse,594,10
1431669190.164293,recv,h10,getCountsResponse,595,10
1431669190.232706,recv,h2,getCountsResponse,594,10
1431669190.28618,recv,h2,handleViolations,716,10
1431669190.386047,recv,h3,getCountsResponse,594,10
1431669190.426031,recv,h7,getCountsResponse,581,10
1431669190.512755,recv,h3,handleViolations,716,10
1431669190.565953,recv,h4,handleViolations,718,10
1431669190.854006,recv,h5,handleViolations,718,10
1431669190.912547,send,h8,setTopK,1012,10
1431669190.914575,send,h9,setTopK,1011,10
1431669191.032265,send,h2,setTopK,1026,10
1431669191.034241,send,h3,setTopK,1026,10
1431669191.036137,send,h1,setTopK,1028,10
1431669191.03795,send,h6,setTopK,1027,10
1431669191.039661,send,h7,setTopK,1013,10
1431669191.041228,send,h4,setTopK,1028,10
1431669191.042811,send,h5,setTopK,1028,10
1431669191.044479,send,h10,setTopK,1027,10
1431669192.734168,recv,h6,handleViolations,758,10
1431669192.734612,send,h8,getSomeCounts,167,10
1431669192.736423,send,h9,getSomeCounts,167,10
1431669192.73777,send,h2,getSomeCounts,167,10
1431669192.739152,send,h3,getSomeCounts,167,10
1431669192.740664,send,h1,getSomeCounts,167,10
1431669192.7421,send,h7,getSomeCounts,167,10
1431669192.743455,send,h4,getSomeCounts,167,10
1431669192.769659,send,h5,getSomeCounts,167,10
1431669192.771161,send,h10,getSomeCounts,168,10
1431669192.776028,recv,h8,handleViolations,716,10
1431669192.784605,recv,h3,getCountsResponse,595,10
1431669192.872884,recv,h4,getCountsResponse,595,10
1431669193.02459,recv,h2,getCountsResponse,595,10
1431669193.052762,recv,h5,getCountsResponse,596,10
1431669193.226046,recv,h7,getCountsResponse,596,10
1431669193.324668,recv,h9,getCountsResponse,596,10
1431669193.346432,recv,h10,getCountsResponse,582,10
1431669193.426038,recv,h8,getCountsResponse,596,10
1431669193.466024,recv,h1,getCountsResponse,596,10
1431669193.504823,recv,h10,handleViolations,703,10
1431669193.530974,recv,h7,handleViolations,717,10
1431669193.771497,recv,h3,handleViolations,716,10
1431669193.952819,recv,h4,handleViolations,717,10
1431669193.953029,send,h8,setTopK,1026,10
1431669193.955477,send,h9,setTopK,1025,10
1431669193.957306,send,h2,setTopK,1027,10
1431669194.045073,recv,h9,handleViolations,715,10
1431669194.045251,send,h3,setTopK,1026,10
1431669194.047491,send,h1,setTopK,1028,10
1431669194.049349,send,h6,setTopK,1028,10
1431669194.051039,send,h7,setTopK,1027,10
1431669194.08561,send,h4,setTopK,1027,10
1431669194.087275,send,h5,setTopK,1026,10
1431669194.088911,send,h10,setTopK,1013,10
1431669194.095304,recv,h5,handleViolations,716,10
1431669197.646484,recv,h1,handleViolations,744,10
1431669197.64686,send,h8,getSomeCounts,167,10
1431669197.648973,send,h9,getSomeCounts,167,10
1431669197.650652,send,h2,getSomeCounts,167,10
1431669197.652466,send,h3,getSomeCounts,167,10
1431669197.665131,send,h6,getSomeCounts,167,10
1431669197.66692,send,h7,getSomeCounts,167,10
1431669197.668639,send,h4,getSomeCounts,167,10
1431669197.672981,send,h5,getSomeCounts,167,10
1431669197.85672,send,h10,getSomeCounts,168,10
1431669197.906123,recv,h4,getCountsResponse,596,10
1431669197.990144,recv,h2,handleViolations,717,10
1431669198.167049,recv,h8,getCountsResponse,595,10
1431669198.194941,recv,h9,getCountsResponse,596,10
1431669198.204364,recv,h7,getCountsResponse,595,10
1431669198.372745,recv,h3,getCountsResponse,596,10
1431669198.514076,recv,h5,getCountsResponse,596,10
1431669198.672718,recv,h2,getCountsResponse,595,10
1431669198.724655,recv,h10,getCountsResponse,596,10
1431669198.784603,recv,h3,handleViolations,717,10
1431669198.844141,recv,h6,getCountsResponse,604,10
1431669198.873878,send,h8,setTopK,1027,10
1431669198.875994,send,h9,setTopK,1028,10
1431669198.886018,send,h2,setTopK,1013,10
1431669198.887651,send,h3,setTopK,1027,10
1431669198.889277,send,h1,setTopK,1014,10
1431669198.890865,send,h6,setTopK,1036,10
1431669198.926172,send,h7,setTopK,1027,10
1431669198.931458,send,h4,setTopK,1028,10
1431669198.935116,send,h5,setTopK,1028,10
1431669198.944377,send,h10,setTopK,1028,10
1431669202.126164,recv,h2,handleViolations,743,10
1431669202.12651,send,h8,getSomeCounts,167,10
1431669202.185681,send,h9,getSomeCounts,167,10
1431669202.189003,send,h3,getSomeCounts,167,10
1431669202.190676,send,h1,getSomeCounts,167,10
1431669202.225811,send,h6,getSomeCounts,167,10
1431669202.228116,send,h7,getSomeCounts,167,10
1431669202.229997,send,h4,getSomeCounts,167,10
1431669202.231957,send,h5,getSomeCounts,167,10
1431669202.247033,send,h10,getSomeCounts,168,10
1431669202.265287,recv,h8,getCountsResponse,584,10
1431669202.533451,recv,h3,getCountsResponse,571,10
1431669202.534502,recv,h1,getCountsResponse,585,10
1431669202.58473,recv,h4,handleViolations,704,10
1431669202.692823,recv,h3,handleViolations,704,10
1431669202.714279,recv,h4,getCountsResponse,589,10
1431669202.726181,recv,h9,getCountsResponse,585,10
1431669202.734011,recv,h6,getCountsResponse,603,10
1431669202.845045,recv,h6,handleViolations,726,10
1431669202.944671,recv,h5,getCountsResponse,571,10
1431669203.023384,recv,h10,getCountsResponse,586,10
1431669203.034379,recv,h8,handleViolations,717,10
1431669203.040733,recv,h7,getCountsResponse,585,10
1431669203.078206,recv,h5,handleViolations,704,10
1431669203.392524,send,h8,setTopK,1002,10
1431669203.395045,send,h9,setTopK,1003,10
1431669203.39704,send,h2,setTopK,1002,10
1431669203.398672,send,h3,setTopK,1003,10
1431669203.400166,send,h1,setTopK,1003,10
1431669203.401694,send,h6,setTopK,1036,10
1431669203.403224,send,h7,setTopK,1003,10
1431669203.405099,send,h4,setTopK,1035,10
1431669203.492971,send,h5,setTopK,1017,10
1431669203.494523,send,h10,setTopK,1018,10
1431669206.406039,recv,h1,handleViolations,733,10
1431669206.406374,send,h8,getSomeCounts,167,10
1431669206.408397,send,h9,getSomeCounts,167,10
1431669206.410557,send,h2,getSomeCounts,167,10
1431669206.412144,send,h3,getSomeCounts,167,10
1431669206.46453,send,h6,getSomeCounts,167,10
1431669206.466453,send,h7,getSomeCounts,167,10
1431669206.468134,send,h4,getSomeCounts,167,10
1431669206.485932,send,h5,getSomeCounts,167,10
1431669206.487396,send,h10,getSomeCounts,168,10
1431669206.581067,recv,h3,getCountsResponse,571,10
1431669206.624801,recv,h4,getCountsResponse,603,10
1431669206.666159,recv,h2,getCountsResponse,570,10
1431669206.734098,recv,h9,getCountsResponse,571,10
1431669206.792713,recv,h8,getCountsResponse,570,10
1431669206.952728,recv,h7,getCountsResponse,571,10
1431669207.132769,recv,h5,getCountsResponse,585,10
1431669207.286642,recv,h10,getCountsResponse,586,10
1431669207.384725,recv,h6,getCountsResponse,593,10
1431669207.664652,send,h8,setTopK,1012,10
1431669207.666838,send,h9,setTopK,1025,10
1431669207.669008,send,h2,setTopK,1025,10
1431669207.672009,send,h3,setTopK,1025,10
1431669207.844644,send,h1,setTopK,1025,10
1431669207.846546,send,h6,setTopK,1011,10
1431669207.848253,send,h7,setTopK,1011,10
1431669207.84995,send,h4,setTopK,1025,10
1431669207.851636,send,h5,setTopK,1025,10
1431669207.94817,send,h10,setTopK,1027,10
1431669210.844635,recv,h1,handleViolations,755,10
1431669210.844894,send,h8,getSomeCounts,167,10
1431669210.846979,send,h9,getSomeCounts,167,10
1431669210.848658,send,h2,getSomeCounts,167,10
1431669210.850259,send,h3,getSomeCounts,167,10
1431669210.964347,send,h6,getSomeCounts,167,10
1431669210.966278,send,h7,getSomeCounts,167,10
1431669210.96763,send,h4,getSomeCounts,167,10
1431669210.969021,send,h5,getSomeCounts,167,10
1431669210.970456,send,h10,getSomeCounts,168,10
1431669211.01887,recv,h2,getCountsResponse,593,10
1431669211.073431,recv,h3,handleViolations,715,10
1431669211.152728,recv,h8,getCountsResponse,580,10
1431669211.300752,recv,h4,handleViolations,715,10
1431669211.424812,recv,h2,handleViolations,715,10
1431669211.51276,recv,h6,getCountsResponse,579,10
1431669211.686084,recv,h9,getCountsResponse,593,10
1431669211.764688,recv,h4,getCountsResponse,593,10
1431669211.784789,recv,h5,getCountsResponse,593,10
1431669211.79383,recv,h3,getCountsResponse,593,10
1431669211.818843,recv,h7,getCountsResponse,579,10
1431669211.824798,recv,h5,handleViolations,715,10
1431669212.229988,recv,h10,getCountsResponse,595,10
1431669212.704914,recv,h6,handleViolations,715,10
1431669212.705413,send,h8,setTopK,1028,10
1431669212.708414,send,h9,setTopK,1035,10
1431669212.710055,send,h2,setTopK,1026,10
1431669212.711601,send,h3,setTopK,1035,10
1431669212.914281,send,h1,setTopK,1026,10
1431669212.916068,send,h6,setTopK,1035,10
1431669212.917702,send,h7,setTopK,1035,10
1431669212.919354,send,h4,setTopK,1035,10
1431669212.921127,send,h5,setTopK,1034,10
1431669212.922789,send,h10,setTopK,1037,10
1431669214.970268,recv,h8,handleViolations,758,10
1431669214.97063,send,h9,getSomeCounts,167,10
1431669214.973149,send,h2,getSomeCounts,167,10
1431669214.974916,send,h3,getSomeCounts,167,10
1431669214.976444,send,h1,getSomeCounts,167,10
1431669215.093018,recv,h9,handleViolations,725,10
1431669215.093176,send,h6,getSomeCounts,167,10
1431669215.095024,send,h7,getSomeCounts,167,10
1431669215.097235,send,h4,getSomeCounts,167,10
1431669215.100006,send,h5,getSomeCounts,167,10
1431669215.16588,recv,h5,handleViolations,724,10
1431669215.166298,send,h10,getSomeCounts,168,10
1431669215.214118,recv,h3,getCountsResponse,594,10
1431669215.364655,recv,h1,getCountsResponse,594,10
1431669215.406062,recv,h9,getCountsResponse,596,10
1431669215.44639,recv,h6,getCountsResponse,596,10
1431669215.514163,recv,h4,handleViolations,725,10
1431669215.576476,recv,h2,getCountsResponse,594,10
1431669215.684759,recv,h7,getCountsResponse,596,10
1431669215.745028,recv,h4,getCountsResponse,595,10
1431669215.890031,recv,h5,getCountsResponse,596,10
1431669216.078013,recv,h10,getCountsResponse,582,10
1431669216.124766,recv,h6,handleViolations,725,10
1431669216.246536,recv,h7,handleViolations,725,10
1431669216.247089,send,h8,setTopK,1028,10
1431669216.249235,send,h9,setTopK,1035,10
1431669216.250905,send,h2,setTopK,1026,10
1431669216.252772,send,h3,setTopK,1035,10
1431669216.372763,send,h1,setTopK,1026,10
1431669216.37328,recv,h10,handleViolations,727,10
1431669216.375424,send,h6,setTopK,1035,10
1431669216.426171,send,h7,setTopK,1035,10
1431669216.427876,send,h4,setTopK,1035,10
1431669216.429483,send,h5,setTopK,1034,10
1431669216.431096,send,h10,setTopK,1037,10
1431669216.434503,recv,h3,handleViolations,725,10
1431669221.533862,recv,h8,testComplete,73,10
1431669222.072653,recv,h9,testComplete,73,10
1431669222.366021,recv,h6,testComplete,73,10
1431669222.792389,recv,h10,testComplete,74,10
1431669223.034604,recv,h3,testComplete,73,10
1431669223.065714,recv,h5,testComplete,73,10
1431669223.452417,recv,h1,testComplete,73,10
1431669223.568923,recv,h4,testComplete,73,10
1431669223.592432,recv,h7,testComplete,73,10
1431669223.792401,recv,h2,testComplete,73,10
1431669227.965178,STOPTEST,None,None,None,None
